Id,MSSubClass,MSZoning,LotFrontage,LotArea,Street,Alley,LotShape,LandContour,Utilities,LotConfig,LandSlope,Neighborhood,Condition1,Condition2,BldgType,HouseStyle,OverallQual,OverallCond,YearBuilt,YearRemodAdd,RoofStyle,RoofMatl,Exterior1st,Exterior2nd,MasVnrType,MasVnrArea,ExterQual,ExterCond,Foundation,BsmtQual,BsmtCond,BsmtExposure,BsmtFinType1,BsmtFinSF1,BsmtFinType2,BsmtFinSF2,BsmtUnfSF,TotalBsmtSF,Heating,HeatingQC,CentralAir,Electrical,1stFlrSF,2ndFlrSF,LowQualFinSF,GrLivArea,BsmtFullBath,BsmtHalfBath,FullBath,HalfBath,BedroomAbvGr,KitchenAbvGr,KitchenQual,TotRmsAbvGrd,Functional,Fireplaces,FireplaceQu,GarageType,GarageYrBlt,GarageFinish,GarageCars,GarageArea,GarageQual,GarageCond,PavedDrive,WoodDeckSF,OpenPorchSF,EnclosedPorch,3SsnPorch,ScreenPorch,PoolArea,PoolQC,Fence,MiscFeature,MiscVal,MoSold,YrSold,SaleType,SaleCondition,SalePrice
,45,RM,57,7449,Pave,Grvl,Reg,Bnk,AllPub,Inside,Gtl,IDOTRR,Norm,Norm,1Fam,1.5Unf,7,7,1930,1950,Gable,CompShg,Wd Sdng,Wd Sdng,None,0,TA,TA,PConc,TA,TA,No,Unf,0,Unf,0,637,637,GasA,Ex,Y,FuseF,1108,0,0,1108,0,0,1,0,3,1,Gd,6,Typ,1,Gd,Attchd,1930,Unf,1,280,TA,TA,N,0,0,205,0,0,0,NA,GdPrv,NA,0,6,2007,WD,Normal,139400
1,70,C (all),50,8500,Pave,Pave,Reg,Lvl,AllPub,Inside,Gtl,IDOTRR,Feedr,Norm,1Fam,2Story,4,4,1920,1950,Gambrel,CompShg,BrkFace,BrkFace,None,0,TA,Fa,BrkTil,TA,TA,No,Unf,0,Unf,0,649,649,GasA,TA,N,SBrkr,649,668,0,1317,0,0,1,0,3,1,TA,6,Typ,0,NA,Detchd,1920,Unf,1,250,TA,Fa,N,0,54,172,0,0,0,NA,MnPrv,NA,0,7,2008,WD,Normal,40000
2,160,FV,24,2645,Pave,Pave,Reg,Lvl,AllPub,Inside,Gtl,Somerst,Norm,Norm,Twnhs,2Story,8,5,1999,2000,Gable,CompShg,MetalSd,MetalSd,BrkFace,456,Gd,TA,PConc,Gd,TA,No,GLQ,649,Unf,0,321,970,GasA,Ex,Y,SBrkr,983,756,0,1739,1,0,2,1,3,1,Gd,7,Typ,0,NA,Attchd,1999,Fin,2,480,TA,TA,Y,115,0,0,0,0,0,NA,NA,NA,0,8,2009,WD,Abnorml,172500
3,50,RM,60,10440,Pave,Grvl,Reg,Lvl,AllPub,Corner,Gtl,OldTown,Norm,Norm,1Fam,2Story,5,6,1910,1981,Gable,CompShg,Wd Sdng,Wd Sdng,None,0,TA,TA,PConc,TA,TA,No,Unf,0,Unf,0,440,440,GasA,Gd,Y,SBrkr,682,548,0,1230,0,0,1,1,2,1,TA,5,Typ,0,NA,Detchd,1966,Unf,2,440,TA,TA,Y,74,0,128,0,0,0,NA,MnPrv,NA,0,5,2009,WD,Normal,110000
4,160,FV,40,3951,Pave,Pave,Reg,Lvl,AllPub,Corner,Gtl,Somerst,Norm,Norm,TwnhsE,2Story,6,5,2009,2009,Gable,CompShg,VinylSd,VinylSd,Stone,76,Gd,TA,PConc,Gd,TA,Av,Unf,0,Unf,0,612,612,GasA,Ex,Y,SBrkr,612,612,0,1224,0,0,2,1,2,1,Gd,4,Typ,0,NA,Detchd,2009,RFn,2,528,TA,TA,Y,0,234,0,0,0,0,NA,NA,NA,0,6,2009,New,Partial,164500
5,30,RL,80,13360,Pave,Grvl,IR1,HLS,AllPub,Inside,Gtl,Crawfor,Norm,Norm,1Fam,1Story,5,7,1921,2006,Gable,CompShg,Wd Sdng,Wd Sdng,None,0,TA,Gd,BrkTil,Gd,TA,No,ALQ,713,Unf,0,163,876,GasA,Ex,Y,SBrkr,964,0,0,964,1,0,1,0,2,1,TA,5,Typ,0,NA,Detchd,1921,Unf,2,432,TA,TA,Y,0,0,44,0,0,0,NA,NA,NA,0,8,2009,WD,Normal,163500
6,30,RM,60,10800,Pave,Grvl,Reg,Lvl,AllPub,Inside,Gtl,OldTown,Norm,Norm,1Fam,1Story,4,7,1885,1995,Mansard,CompShg,VinylSd,VinylSd,None,0,TA,TA,BrkTil,Fa,TA,No,Unf,0,Unf,0,641,641,GasA,Gd,Y,SBrkr,1047,0,0,1047,0,0,1,0,2,1,TA,6,Typ,0,NA,Detchd,1954,Unf,1,273,Fa,Fa,N,0,0,0,0,0,0,NA,NA,Shed,450,8,2007,WD,Normal,100000
7,160,FV,34,3230,Pave,Pave,Reg,Lvl,AllPub,Corner,Gtl,Somerst,Norm,Norm,TwnhsE,2Story,6,5,1999,1999,Gable,CompShg,MetalSd,MetalSd,BrkFace,1129,TA,TA,PConc,Gd,TA,No,GLQ,419,Unf,0,310,729,GasA,Gd,Y,SBrkr,729,729,0,1458,0,0,2,1,2,1,TA,5,Typ,1,Fa,Detchd,1999,Unf,2,440,TA,TA,Y,0,32,0,0,0,0,NA,NA,NA,0,6,2007,WD,Normal,176000
8,40,RM,40,5400,Pave,Pave,Reg,Lvl,AllPub,Corner,Gtl,OldTown,Norm,Norm,1Fam,1Story,6,7,1926,2004,Gable,CompShg,MetalSd,MetalSd,None,0,TA,Gd,BrkTil,TA,TA,Mn,LwQ,370,Unf,0,779,1149,GasA,Gd,Y,FuseA,1149,467,0,1616,0,0,2,0,3,1,Gd,5,Typ,0,NA,Detchd,1926,Unf,1,216,TA,TA,Y,0,0,183,0,0,0,NA,NA,NA,0,10,2007,WD,Normal,152000
9,50,RM,50,3500,Pave,Grvl,Reg,Lvl,AllPub,Inside,Gtl,OldTown,Norm,Norm,1Fam,1.5Fin,5,7,1947,1950,Gable,CompShg,AsbShng,AsbShng,None,0,TA,TA,CBlock,TA,TA,No,LwQ,312,Unf,0,408,720,GasA,TA,Y,SBrkr,720,564,0,1284,0,0,1,1,2,1,TA,5,Typ,0,NA,Detchd,1948,Unf,1,240,TA,TA,Y,0,35,0,0,0,0,NA,MnWw,NA,0,4,2009,WD,Normal,110000
10,70,RM,57,9906,Pave,Grvl,Reg,Lvl,AllPub,Inside,Gtl,OldTown,Norm,Norm,1Fam,2Story,4,4,1925,1950,Gable,CompShg,MetalSd,MetalSd,None,0,TA,TA,CBlock,TA,TA,No,Unf,0,Unf,0,686,686,GasA,Fa,N,SBrkr,810,518,0,1328,0,0,1,0,3,1,TA,8,Typ,0,NA,Detchd,1940,Unf,1,210,TA,TA,Y,0,172,60,0,0,0,NA,NA,NA,0,9,2006,WD,Family,107000
11,190,RM,69,9142,Pave,Grvl,Reg,Lvl,AllPub,Inside,Gtl,OldTown,Norm,Norm,2fmCon,2Story,6,8,1910,1950,Gable,CompShg,AsbShng,AsbShng,None,0,TA,Fa,Stone,Fa,TA,No,Unf,0,Unf,0,1020,1020,GasA,Gd,N,FuseP,908,1020,0,1928,0,0,2,0,4,2,Fa,9,Typ,0,NA,Detchd,1910,Unf,1,440,Po,Po,Y,0,60,112,0,0,0,NA,NA,NA,0,4,2006,WD,Normal,137000
12,30,RM,30,5232,Pave,Grvl,IR3,Bnk,AllPub,Inside,Gtl,OldTown,Artery,Norm,1Fam,1Story,5,5,1925,2004,Gable,CompShg,Wd Sdng,Wd Sdng,None,0,TA,TA,BrkTil,Fa,TA,No,Unf,0,Unf,0,680,680,GasA,Gd,N,FuseP,764,0,0,764,0,0,1,0,2,1,TA,4,Typ,0,NA,Detchd,1965,Unf,2,504,TA,TA,N,0,0,0,0,0,0,NA,NA,NA,0,6,2008,WD,Normal,73000
13,20,FV,60,7200,Pave,Pave,Reg,Lvl,AllPub,Inside,Gtl,Somerst,Norm,Norm,1Fam,1Story,6,5,2006,2006,Gable,CompShg,VinylSd,VinylSd,Stone,68,Gd,TA,PConc,Gd,TA,No,GLQ,905,Unf,0,357,1262,GasA,Gd,Y,SBrkr,1262,0,0,1262,0,0,2,0,2,1,Gd,5,Typ,0,NA,Attchd,2006,Fin,2,572,TA,TA,Y,0,120,0,0,0,0,NA,NA,NA,0,5,2006,New,Partial,185000
14,160,FV,35,4251,Pave,Pave,IR1,Lvl,AllPub,Inside,Gtl,Somerst,Norm,Norm,TwnhsE,2Story,7,5,2006,2007,Gable,CompShg,MetalSd,MetalSd,None,0,Gd,TA,PConc,Gd,TA,No,Unf,0,Unf,0,625,625,GasA,Ex,Y,SBrkr,625,625,0,1250,0,0,2,1,2,1,Gd,5,Typ,0,NA,Detchd,2006,RFn,2,528,TA,TA,Y,0,54,0,0,0,0,NA,NA,NA,0,6,2007,New,Partial,164700
15,190,RL,55,5687,Pave,Grvl,Reg,Bnk,AllPub,Inside,Gtl,SWISU,Norm,Norm,2fmCon,2Story,5,6,1912,2000,Gable,CompShg,VinylSd,VinylSd,None,0,TA,Fa,PConc,TA,Fa,No,Rec,210,Unf,0,570,780,GasA,Ex,N,SBrkr,936,780,0,1716,1,0,2,0,6,1,Fa,9,Typ,0,NA,NA,NA,NA,0,0,NA,NA,N,0,184,0,0,0,0,NA,NA,NA,0,3,2008,WD,Normal,135900
16,60,FV,66,7399,Pave,Pave,IR1,Lvl,AllPub,Inside,Gtl,Somerst,Norm,Norm,1Fam,2Story,7,5,1997,1998,Hip,CompShg,VinylSd,VinylSd,BrkFace,1600,Gd,TA,PConc,Gd,TA,No,BLQ,649,Unf,0,326,975,GasA,Ex,Y,SBrkr,975,975,0,1950,0,0,2,1,3,1,Gd,7,Typ,1,TA,Detchd,1997,RFn,2,576,TA,TA,Y,0,10,0,0,198,0,NA,NA,NA,0,6,2007,WD,Normal,239000
17,70,RM,60,9600,Pave,Grvl,Reg,Lvl,AllPub,Inside,Gtl,OldTown,Norm,Norm,1Fam,2Story,7,7,1925,1990,Gable,CompShg,Wd Sdng,Wd Sdng,None,0,TA,TA,BrkTil,TA,Gd,No,LwQ,16,Unf,0,712,728,GasA,Ex,Y,SBrkr,832,809,0,1641,0,1,1,1,3,1,Ex,6,Typ,1,Gd,Detchd,1925,Unf,2,546,Fa,TA,Y,0,0,234,0,0,0,NA,NA,NA,0,8,2006,WD,Normal,178000
18,50,RL,50,5000,Pave,Pave,Reg,Lvl,AllPub,Inside,Gtl,SWISU,Norm,Norm,1Fam,1.5Fin,5,6,1924,1950,Gable,CompShg,BrkFace,Wd Sdng,None,0,TA,TA,BrkTil,TA,TA,No,LwQ,218,Unf,0,808,1026,GasA,TA,Y,SBrkr,1026,665,0,1691,0,0,2,0,3,1,Gd,6,Typ,1,Gd,Detchd,1924,Unf,1,308,TA,TA,Y,0,0,242,0,0,0,NA,NA,NA,0,5,2010,WD,Normal,127000
19,20,FV,60,7200,Pave,Pave,Reg,Lvl,AllPub,Inside,Gtl,Somerst,Norm,Norm,1Fam,1Story,7,5,2006,2006,Gable,CompShg,VinylSd,VinylSd,None,0,Gd,TA,PConc,Gd,Gd,No,Unf,0,Unf,0,1293,1293,GasA,Ex,Y,SBrkr,1301,0,0,1301,1,0,2,0,2,1,Gd,5,Typ,1,Gd,Attchd,2006,RFn,2,572,TA,TA,Y,216,121,0,0,0,0,NA,NA,NA,0,8,2006,New,Partial,187750
20,50,RL,50,8405,Pave,Grvl,Reg,Lvl,AllPub,Inside,Gtl,Edwards,Norm,Norm,1Fam,1.5Fin,5,8,1900,1950,Gable,CompShg,MetalSd,MetalSd,None,0,TA,TA,BrkTil,TA,Gd,No,Rec,241,BLQ,391,229,861,GasA,Ex,Y,SBrkr,961,406,0,1367,1,0,1,0,4,1,TA,7,Typ,0,NA,Detchd,1978,Unf,1,384,TA,TA,Y,0,130,112,0,0,0,NA,MnPrv,NA,0,4,2008,WD,Normal,119000
21,30,RM,56,8960,Pave,Grvl,Reg,Lvl,AllPub,Inside,Gtl,OldTown,Artery,Norm,1Fam,1Story,5,6,1927,1950,Gable,CompShg,WdShing,Wd Shng,None,0,TA,TA,CBlock,TA,TA,No,Unf,0,Unf,0,1008,1008,GasA,Gd,Y,FuseA,1028,0,0,1028,0,0,1,0,2,1,TA,5,Typ,1,Gd,Detchd,1927,Unf,2,360,TA,TA,Y,0,0,130,0,0,0,NA,NA,NA,0,3,2010,WD,Normal,115000
22,60,RM,60,3378,Pave,Grvl,Reg,HLS,AllPub,Inside,Gtl,OldTown,Norm,Norm,1Fam,2Story,7,8,1946,1992,Gable,CompShg,HdBoard,HdBoard,None,0,TA,Gd,CBlock,TA,TA,No,Unf,0,Unf,0,651,651,GasA,Gd,Y,SBrkr,707,682,0,1389,0,0,1,1,3,1,TA,6,Typ,2,Gd,Detchd,1947,Unf,1,240,TA,TA,P,0,0,126,0,0,0,NA,NA,NA,0,9,2009,WD,Normal,135000
23,50,RL,67,12354,Pave,Grvl,Reg,Lvl,AllPub,Corner,Gtl,Edwards,Norm,Norm,1Fam,1.5Fin,6,8,1920,2000,Gable,CompShg,Wd Sdng,Wd Sdng,None,0,TA,TA,BrkTil,TA,Fa,Mn,Unf,0,Unf,0,684,684,GasA,Gd,Y,SBrkr,684,512,0,1196,0,0,1,0,3,1,Gd,7,Typ,0,NA,Detchd,2005,Unf,2,528,TA,TA,Y,0,46,0,0,0,0,NA,GdPrv,Shed,800,8,2009,ConLI,Normal,110000
24,70,RM,34,4571,Pave,Grvl,Reg,Lvl,AllPub,Inside,Gtl,OldTown,Norm,Norm,1Fam,2Story,5,5,1916,1950,Gable,CompShg,AsbShng,AsbShng,None,0,TA,TA,BrkTil,TA,TA,No,Unf,0,Unf,0,624,624,GasA,Fa,N,SBrkr,624,720,0,1344,0,0,1,0,4,1,TA,7,Typ,0,NA,Detchd,1916,Unf,3,513,Fa,Fa,Y,0,0,96,0,0,0,NA,NA,NA,0,5,2008,COD,Abnorml,98000
25,70,RM,50,2500,Pave,Pave,Reg,Lvl,AllPub,Corner,Gtl,OldTown,Norm,Norm,1Fam,2Story,7,8,1915,2005,Gable,CompShg,Stucco,Stucco,None,0,Gd,TA,PConc,TA,TA,No,ALQ,299,Unf,0,611,910,GasA,Ex,Y,SBrkr,916,910,0,1826,1,0,1,1,4,1,Ex,7,Min2,1,Gd,Attchd,1915,Unf,1,164,Fa,Fa,Y,0,0,0,0,0,0,NA,NA,NA,0,6,2009,WD,Normal,155000
26,50,RL,60,9120,Pave,Pave,Reg,Lvl,AllPub,Inside,Gtl,BrkSide,Norm,Norm,1Fam,1.5Fin,7,6,1925,1950,Gable,CompShg,Wd Sdng,Wd Sdng,None,0,TA,Gd,PConc,TA,TA,No,Rec,329,Unf,0,697,1026,GasA,Ex,Y,SBrkr,1133,687,0,1820,1,0,2,0,4,1,TA,8,Typ,0,NA,Detchd,1925,Unf,1,240,TA,TA,N,0,100,0,0,0,0,NA,GdPrv,NA,0,6,2008,WD,Normal,184000
27,90,RM,60,7596,Pave,Grvl,Reg,Lvl,AllPub,Inside,Gtl,OldTown,Artery,Norm,Duplex,2Story,5,5,1952,1952,Hip,CompShg,Wd Sdng,Wd Sdng,BrkFace,360,TA,TA,CBlock,TA,TA,No,Unf,0,Unf,0,960,960,GasA,Gd,Y,SBrkr,960,1000,0,1960,0,0,2,0,4,2,TA,10,Typ,0,NA,Detchd,1952,Unf,2,400,TA,TA,N,0,0,0,0,0,0,NA,NA,NA,0,7,2009,COD,Normal,124500
28,190,RL,60,10800,Pave,Grvl,Reg,Lvl,AllPub,Inside,Gtl,OldTown,Norm,Norm,2fmCon,2Story,4,7,1900,2000,Gable,CompShg,MetalSd,MetalSd,None,0,TA,TA,BrkTil,NA,NA,NA,NA,0,NA,0,0,0,GasA,TA,N,FuseA,694,600,0,1294,0,0,2,0,3,2,TA,7,Typ,0,NA,NA,NA,NA,0,0,NA,NA,N,220,114,210,0,0,0,NA,NA,NA,0,8,2008,WD,Normal,106250
29,20,FV,62,7500,Pave,Pave,Reg,Lvl,AllPub,Inside,Gtl,Somerst,Norm,Norm,1Fam,1Story,7,5,2005,2005,Gable,CompShg,VinylSd,VinylSd,None,0,Gd,TA,PConc,Gd,TA,No,Unf,0,Unf,0,1257,1257,GasA,Ex,Y,SBrkr,1266,0,0,1266,0,0,2,0,3,1,Gd,6,Typ,1,TA,Attchd,2005,Unf,2,453,TA,TA,Y,38,144,0,0,0,0,NA,NA,NA,0,4,2006,WD,Normal,176000
30,160,FV,34,3604,Pave,Pave,Reg,Lvl,AllPub,Corner,Gtl,Somerst,Norm,Norm,TwnhsE,2Story,7,5,2007,2007,Gable,CompShg,VinylSd,VinylSd,None,0,Gd,TA,PConc,Gd,TA,No,Unf,0,Unf,0,689,689,GasA,Ex,Y,SBrkr,703,689,0,1392,0,0,2,0,2,1,Gd,5,Typ,0,NA,Detchd,2007,Unf,2,540,TA,TA,Y,0,102,0,0,0,0,NA,NA,NA,0,2,2008,WD,Abnorml,146000
31,50,RM,81,12150,Pave,Grvl,Reg,Lvl,AllPub,Inside,Gtl,OldTown,Norm,Norm,1Fam,1.5Fin,5,5,1954,1954,Gable,CompShg,MetalSd,MetalSd,BrkFace,335,TA,TA,BrkTil,TA,TA,No,Unf,0,Unf,0,1050,1050,GasA,Ex,N,FuseF,1050,745,0,1795,0,0,2,0,4,1,TA,7,Typ,0,NA,Attchd,1954,Unf,1,352,Fa,TA,Y,0,0,0,0,0,0,NA,NA,NA,0,11,2008,WD,Normal,131500
32,70,RM,60,3600,Pave,Grvl,Reg,Lvl,AllPub,Inside,Gtl,OldTown,Norm,Norm,1Fam,2Story,6,7,1910,1993,Gable,CompShg,VinylSd,VinylSd,None,0,TA,TA,CBlock,TA,TA,No,Unf,0,Unf,0,684,684,GasA,Ex,N,FuseA,684,684,0,1368,0,0,1,0,3,1,TA,7,Typ,0,NA,Detchd,1930,Unf,1,216,TA,Fa,N,0,158,0,0,0,0,NA,NA,NA,0,10,2006,WD,Normal,114504
33,160,FV,30,3182,Pave,Pave,Reg,Lvl,AllPub,Inside,Gtl,Somerst,Norm,Norm,TwnhsE,2Story,7,5,2004,2005,Gable,CompShg,MetalSd,MetalSd,None,0,Gd,TA,PConc,Gd,TA,No,Unf,0,Unf,0,600,600,GasA,Ex,Y,SBrkr,600,600,0,1200,0,0,2,1,2,1,Gd,4,Typ,0,NA,Detchd,2004,RFn,2,480,TA,TA,Y,0,172,0,0,0,0,NA,NA,NA,0,6,2010,WD,Normal,151000
34,30,RL,45,8248,Pave,Grvl,Reg,Lvl,AllPub,Inside,Gtl,Edwards,Norm,Norm,1Fam,1Story,3,3,1914,1950,Gable,CompShg,Stucco,Stucco,None,0,TA,TA,BrkTil,TA,TA,No,BLQ,41,Unf,0,823,864,GasA,TA,N,FuseF,864,0,0,864,1,0,1,0,2,1,TA,5,Typ,0,NA,NA,NA,NA,0,0,NA,NA,N,0,0,100,0,0,0,NA,NA,NA,0,9,2008,WD,Normal,67000
35,70,RM,50,9000,Pave,Grvl,Reg,Lvl,AllPub,Corner,Gtl,OldTown,Artery,Norm,1Fam,2Story,5,6,1880,1991,Gable,CompShg,VinylSd,VinylSd,None,0,TA,TA,BrkTil,Fa,Fa,No,Unf,0,Unf,0,636,636,GasA,TA,Y,FuseA,1089,661,0,1750,0,0,1,0,3,1,Ex,8,Typ,0,NA,Detchd,1937,Unf,1,240,Fa,Po,N,0,0,293,0,0,0,NA,MnPrv,NA,0,6,2006,WD,Abnorml,124000
36,190,RH,60,10896,Pave,Pave,Reg,Bnk,AllPub,Inside,Gtl,SWISU,Feedr,Norm,2fmCon,2.5Fin,6,7,1914,1995,Hip,CompShg,VinylSd,VinylSd,None,0,Fa,TA,CBlock,TA,Fa,No,LwQ,256,Unf,0,1184,1440,GasA,Ex,Y,FuseA,1440,1440,515,3395,0,0,2,0,8,2,Fa,14,Typ,0,NA,NA,NA,NA,0,0,NA,NA,N,0,110,0,0,0,0,NA,NA,NA,0,3,2007,WD,Abnorml,200000
37,50,RM,60,10320,Pave,Grvl,Reg,Lvl,AllPub,Inside,Gtl,IDOTRR,Norm,Norm,1Fam,1.5Fin,6,7,1906,1995,Gable,CompShg,MetalSd,MetalSd,None,0,TA,TA,CBlock,TA,TA,No,Unf,0,Unf,0,756,756,GasA,Ex,Y,SBrkr,756,713,0,1469,0,0,1,0,3,1,TA,7,Typ,0,NA,Detchd,1906,Unf,1,216,TA,TA,Y,57,0,239,0,0,0,NA,MnPrv,NA,0,6,2008,WD,Normal,135000
38,70,RM,60,9600,Pave,Grvl,Reg,Lvl,AllPub,Inside,Gtl,OldTown,Norm,Norm,1Fam,2Story,4,2,1900,1950,Gable,CompShg,AsbShng,Stucco,None,0,TA,TA,BrkTil,TA,Fa,No,Unf,0,Unf,0,1095,1095,GasW,Fa,N,SBrkr,1095,679,0,1774,1,0,2,0,4,2,TA,8,Min2,0,NA,2Types,1920,Unf,3,779,Fa,Fa,N,0,0,90,0,0,0,NA,NA,NA,0,5,2006,WD,Normal,87000
39,50,RH,55,4500,Pave,Pave,IR2,Bnk,AllPub,Inside,Gtl,SWISU,Norm,Norm,1Fam,1.5Fin,5,5,1932,2000,Gable,CompShg,VinylSd,Stucco,None,0,TA,TA,BrkTil,TA,TA,No,Rec,182,Unf,0,611,793,GasA,Ex,Y,SBrkr,848,672,0,1520,0,0,1,0,3,1,TA,6,Typ,0,NA,Detchd,1968,Unf,1,281,TA,TA,Y,0,0,56,0,0,0,NA,NA,NA,0,7,2009,WD,Abnorml,159434
40,120,FV,59,4282,Pave,Pave,IR2,Lvl,AllPub,Inside,Gtl,Somerst,Norm,Norm,TwnhsE,1Story,7,5,2004,2004,Gable,CompShg,MetalSd,MetalSd,None,0,Gd,TA,PConc,Gd,TA,Mn,GLQ,16,Unf,0,1375,1391,GasA,Ex,Y,SBrkr,1391,0,0,1391,0,0,2,0,2,1,Gd,5,Typ,0,NA,Attchd,2004,RFn,2,530,TA,TA,Y,156,158,0,0,0,0,NA,NA,NA,0,7,2008,WD,Normal,196000
41,50,C (all),66,8712,Pave,Pave,Reg,HLS,AllPub,Inside,Mod,IDOTRR,Norm,Norm,1Fam,1.5Fin,4,7,1900,1950,Gable,CompShg,MetalSd,MetalSd,None,0,TA,TA,Stone,TA,TA,Mn,Unf,0,Unf,0,859,859,GasA,Gd,Y,SBrkr,859,319,0,1178,0,0,1,0,2,1,TA,7,Typ,0,NA,Detchd,1964,RFn,1,384,TA,TA,N,68,0,98,0,0,0,NA,NA,NA,0,1,2010,WD,Abnorml,102776
42,70,RM,60,10800,Pave,Grvl,Reg,Bnk,AllPub,Inside,Gtl,OldTown,Norm,Norm,1Fam,2Story,7,8,1890,1998,Gable,CompShg,Wd Sdng,VinylSd,None,0,TA,Gd,BrkTil,TA,TA,No,Unf,0,Unf,0,718,718,GasA,Ex,Y,SBrkr,1576,978,0,2554,0,0,1,1,3,1,TA,8,Typ,0,NA,Detchd,1996,Unf,2,704,TA,TA,P,0,48,143,0,0,0,NA,NA,NA,0,7,2007,WD,Normal,159500
43,30,RM,52,6240,Pave,Grvl,Reg,Lvl,AllPub,Inside,Gtl,IDOTRR,Norm,Norm,1Fam,1.5Fin,4,5,1925,1950,Gable,CompShg,MetalSd,MetalSd,None,0,TA,TA,CBlock,TA,TA,No,BLQ,152,Unf,0,628,780,GasA,TA,Y,FuseA,848,0,360,1208,0,0,1,0,2,1,TA,5,Typ,0,NA,Detchd,1962,Unf,2,539,TA,TA,Y,0,23,112,0,0,0,NA,NA,NA,0,1,2009,WD,Normal,103000
44,70,RM,60,9600,Pave,Grvl,Reg,Lvl,AllPub,Inside,Gtl,OldTown,Norm,Norm,1Fam,2Story,5,7,1910,2002,Gable,CompShg,Wd Sdng,Wd Shng,None,0,TA,Gd,BrkTil,Fa,Fa,No,Unf,0,Unf,0,264,264,GasA,Ex,Y,SBrkr,768,664,0,1432,0,0,2,0,2,1,TA,7,Typ,0,NA,Detchd,1910,Unf,2,360,TA,Gd,Y,270,0,112,0,0,0,NA,GdPrv,NA,0,5,2007,WD,Abnorml,132000
45,70,RM,65,11700,Pave,Pave,IR1,Lvl,AllPub,Corner,Gtl,OldTown,Norm,Norm,1Fam,2Story,7,7,1880,2003,Mansard,CompShg,Stucco,Stucco,None,0,Gd,TA,Stone,TA,Fa,No,Unf,0,Unf,0,1240,1240,GasW,TA,N,SBrkr,1320,1320,0,2640,0,0,1,1,4,1,Gd,8,Typ,1,Gd,Detchd,1950,Unf,4,864,TA,TA,N,181,0,386,0,0,0,NA,NA,NA,0,5,2009,WD,Normal,265979
46,50,RM,55,8800,Pave,Grvl,Reg,Lvl,AllPub,Corner,Gtl,OldTown,Norm,Norm,1Fam,1.5Fin,4,7,1910,2004,Gable,CompShg,Wd Sdng,Wd Sdng,None,0,TA,TA,BrkTil,TA,Fa,No,Unf,0,Unf,0,576,576,GasA,Gd,Y,SBrkr,792,348,0,1140,0,0,1,0,3,1,TA,7,Min2,0,NA,NA,NA,NA,0,0,NA,NA,N,0,160,0,0,0,0,NA,NA,NA,0,6,2010,WD,Normal,96500
47,160,FV,34,3230,Pave,Pave,Reg,Lvl,AllPub,Inside,Gtl,Somerst,Norm,Norm,TwnhsE,2Story,6,5,1999,1999,Gable,CompShg,MetalSd,MetalSd,BrkFace,894,TA,TA,PConc,Gd,TA,No,GLQ,381,Unf,0,348,729,GasA,Gd,Y,SBrkr,742,729,0,1471,0,0,2,1,3,1,TA,6,Typ,0,NA,Detchd,1999,Unf,2,440,TA,TA,Y,0,24,0,0,0,0,NA,NA,NA,0,3,2009,WD,Normal,172500
48,160,FV,24,2280,Pave,Pave,Reg,Lvl,AllPub,Inside,Gtl,Somerst,Norm,Norm,Twnhs,2Story,7,5,1999,1999,Gable,CompShg,MetalSd,MetalSd,BrkFace,360,TA,TA,PConc,Gd,TA,No,ALQ,549,Unf,0,195,744,GasA,Gd,Y,SBrkr,757,744,0,1501,0,0,2,1,3,1,TA,6,Typ,0,NA,Detchd,1999,Unf,2,440,TA,TA,Y,0,0,0,0,0,0,NA,NA,NA,0,8,2008,WD,Normal,179400
49,75,RM,35,6300,Pave,Grvl,Reg,Lvl,AllPub,Inside,Gtl,OldTown,Norm,Norm,1Fam,2.5Unf,6,6,1914,2001,Gable,CompShg,Wd Sdng,Wd Shng,None,0,TA,TA,CBlock,TA,TA,No,Unf,0,Unf,0,742,742,GasA,Ex,Y,SBrkr,742,742,0,1484,0,0,2,0,3,1,TA,9,Typ,1,Gd,NA,NA,NA,0,0,NA,NA,Y,0,291,134,0,0,0,NA,NA,NA,0,6,2008,WD,Normal,128000
50,50,RL,45,8248,Pave,Grvl,Reg,Lvl,AllPub,Inside,Gtl,Edwards,Norm,Norm,1Fam,1.5Fin,5,7,1918,1950,Gable,CompShg,Stucco,Stucco,None,0,TA,TA,BrkTil,TA,TA,No,Unf,0,Unf,0,686,686,GasW,Gd,Y,SBrkr,686,564,0,1250,0,1,1,1,3,1,Fa,7,Typ,0,NA,Detchd,1955,Unf,1,280,TA,TA,P,207,0,96,0,0,0,NA,NA,NA,0,7,2006,WD,Normal,116000
51,20,RM,60,6000,Pave,Pave,Reg,Bnk,AllPub,Inside,Mod,OldTown,Norm,Norm,2fmCon,1Story,4,4,1953,1953,Gable,CompShg,MetalSd,MetalSd,None,0,Fa,TA,CBlock,Fa,TA,No,Unf,0,Unf,0,936,936,GasA,TA,N,SBrkr,936,0,0,936,0,0,1,0,2,1,TA,4,Min2,0,NA,Detchd,1974,Unf,2,576,TA,TA,Y,0,32,112,0,0,0,NA,NA,NA,0,2,2009,WD,Normal,93000
52,160,FV,24,2544,Pave,Pave,Reg,Lvl,AllPub,Inside,Gtl,Somerst,Norm,Norm,Twnhs,2Story,7,5,2005,2005,Gable,CompShg,MetalSd,MetalSd,None,0,Gd,TA,PConc,Gd,TA,No,Unf,0,Unf,0,600,600,GasA,Ex,Y,SBrkr,520,623,80,1223,0,0,2,1,2,1,Gd,4,Typ,0,NA,Detchd,2005,RFn,2,480,TA,TA,Y,0,166,0,0,0,0,NA,NA,NA,0,7,2006,WD,Normal,147400
53,160,FV,30,3180,Pave,Pave,Reg,Lvl,AllPub,Inside,Gtl,Somerst,Norm,Norm,TwnhsE,2Story,7,5,2005,2005,Gable,CompShg,MetalSd,MetalSd,None,0,TA,TA,PConc,Gd,TA,No,Unf,0,Unf,0,600,600,GasA,Ex,Y,SBrkr,520,600,80,1200,0,0,2,1,2,1,Gd,4,Typ,0,NA,Detchd,2005,RFn,2,480,TA,TA,Y,0,166,0,0,0,0,NA,NA,NA,0,6,2006,WD,Normal,151000
54,30,RM,90,8100,Pave,Pave,Reg,Lvl,AllPub,Inside,Gtl,OldTown,Norm,Norm,1Fam,1Story,5,6,1948,1973,Gable,CompShg,VinylSd,VinylSd,None,0,TA,TA,BrkTil,TA,TA,No,Rec,338,Unf,0,1221,1559,GasA,Gd,Y,SBrkr,1559,0,0,1559,1,0,1,0,2,1,TA,5,Min2,0,NA,Detchd,1948,Unf,2,812,TA,TA,Y,0,116,230,0,0,0,NA,GdWo,NA,0,6,2007,COD,Normal,153500
55,70,RM,60,10440,Pave,Grvl,Reg,Lvl,AllPub,Inside,Gtl,OldTown,Norm,Norm,1Fam,2Story,5,8,1904,2002,Gable,CompShg,MetalSd,MetalSd,None,0,TA,TA,PConc,TA,TA,No,Unf,0,Unf,0,650,650,GasA,Gd,Y,SBrkr,958,581,0,1539,0,0,2,0,3,1,Gd,8,Typ,1,Po,Detchd,1983,Unf,2,686,Gd,TA,P,70,78,68,0,0,0,NA,NA,NA,0,6,2008,WD,Normal,157500
56,50,RM,100,12665,Pave,Grvl,IR1,Lvl,AllPub,Inside,Gtl,OldTown,Artery,Norm,1Fam,1.5Fin,5,8,1915,1950,Gable,CompShg,Wd Sdng,Wd Sdng,None,0,TA,TA,BrkTil,TA,TA,Mn,Unf,0,Unf,0,876,876,GasA,Gd,Y,SBrkr,876,540,0,1416,0,0,1,1,4,1,TA,7,Typ,1,Gd,Detchd,1949,Unf,3,720,TA,TA,Y,418,0,194,0,0,0,NA,NA,NA,0,6,2008,WD,Normal,153900
57,30,RM,50,8765,Pave,Grvl,Reg,Lvl,AllPub,Inside,Gtl,IDOTRR,Norm,Norm,1Fam,1Story,4,6,1936,1950,Gable,CompShg,Wd Sdng,Wd Sdng,None,0,TA,TA,BrkTil,TA,TA,No,ALQ,285,Unf,0,666,951,GasA,Ex,N,SBrkr,951,0,0,951,0,0,1,0,2,1,TA,6,Typ,0,NA,Detchd,1936,Unf,1,327,TA,TA,Y,0,28,0,0,0,0,NA,NA,NA,0,4,2006,WD,Abnorml,106500
58,160,FV,30,3000,Pave,Pave,Reg,Lvl,AllPub,Inside,Gtl,Somerst,Norm,Norm,TwnhsE,2Story,6,5,2009,2009,Gable,CompShg,VinylSd,VinylSd,Stone,76,Gd,TA,PConc,Gd,TA,Av,GLQ,294,Unf,0,318,612,GasA,Ex,Y,SBrkr,612,612,0,1224,0,0,2,1,2,1,Gd,4,Typ,0,NA,Detchd,2009,RFn,2,528,TA,TA,Y,0,234,0,0,0,0,NA,NA,NA,0,6,2009,New,Partial,173733
59,120,FV,35,4274,Pave,Pave,IR1,Lvl,AllPub,Inside,Gtl,Somerst,Norm,Norm,TwnhsE,1Story,7,5,2006,2007,Gable,CompShg,VinylSd,VinylSd,NA,NA,Gd,TA,PConc,Gd,TA,No,GLQ,1106,Unf,0,135,1241,GasA,Ex,Y,SBrkr,1241,0,0,1241,1,0,1,1,1,1,Gd,4,Typ,0,NA,Attchd,2007,Fin,2,569,TA,TA,Y,0,116,0,0,0,0,NA,NA,NA,0,11,2007,New,Partial,199900
60,70,RM,121,17671,Pave,Grvl,Reg,Lvl,AllPub,Corner,Gtl,OldTown,Artery,Norm,1Fam,2Story,8,9,1882,1986,Gable,CompShg,Wd Sdng,Wd Sdng,None,0,Gd,Gd,BrkTil,TA,TA,No,BLQ,216,Unf,0,700,916,GasA,Gd,Y,SBrkr,916,826,0,1742,0,0,1,1,4,1,Gd,8,Typ,1,Gd,Attchd,1925,Unf,2,424,TA,TA,P,0,169,0,0,0,0,NA,NA,NA,0,11,2009,WD,Normal,168000
61,190,RM,85,13600,Pave,Grvl,Reg,Lvl,AllPub,Inside,Gtl,OldTown,Norm,Norm,2fmCon,2Story,5,5,1900,1950,Gable,CompShg,Wd Sdng,Wd Sdng,None,0,TA,TA,BrkTil,TA,TA,No,Unf,0,Unf,0,662,662,GasA,TA,N,SBrkr,1422,915,0,2337,0,0,2,0,5,2,TA,10,Min2,0,NA,Detchd,1945,Unf,2,560,TA,TA,Y,0,57,0,0,0,0,NA,NA,NA,0,9,2007,WD,Normal,90000
62,50,RL,60,10800,Pave,Grvl,Reg,Lvl,AllPub,Inside,Gtl,OldTown,Norm,Norm,1Fam,1.5Fin,5,8,1936,1989,Gable,CompShg,Wd Sdng,Wd Sdng,None,0,TA,TA,CBlock,Fa,TA,No,ALQ,626,Unf,0,170,796,GasA,Gd,Y,SBrkr,1096,370,0,1466,0,1,2,0,3,1,Gd,7,Min1,1,TA,Attchd,1950,Unf,2,566,TA,TA,Y,436,21,0,0,0,0,NA,NA,Shed,500,4,2006,WD,Normal,170000
63,120,FV,37,3316,Pave,Pave,IR1,Lvl,AllPub,Inside,Gtl,Somerst,Norm,Norm,TwnhsE,1Story,8,5,2005,2005,Gable,CompShg,MetalSd,MetalSd,None,0,Gd,TA,PConc,Gd,TA,No,GLQ,1039,Unf,0,208,1247,GasA,Ex,Y,SBrkr,1247,0,0,1247,1,0,1,1,1,1,Gd,4,Typ,1,Gd,Attchd,2005,Fin,2,550,TA,TA,Y,0,84,0,0,0,0,NA,NA,NA,0,4,2006,WD,Normal,197000
64,160,FV,24,2160,Pave,Pave,Reg,Lvl,AllPub,Inside,Gtl,Somerst,Norm,Norm,Twnhs,2Story,7,5,1999,2000,Gable,CompShg,MetalSd,MetalSd,BrkFace,212,Gd,TA,PConc,Gd,TA,No,BLQ,510,Unf,0,90,600,GasA,Ex,Y,SBrkr,624,628,0,1252,1,0,2,1,2,1,Gd,4,Typ,0,NA,Detchd,1999,Unf,2,462,TA,TA,Y,0,48,0,0,0,0,NA,NA,NA,0,3,2008,WD,Normal,160000
65,90,RM,60,7200,Pave,Grvl,Reg,Lvl,AllPub,Inside,Gtl,OldTown,Norm,Norm,Duplex,SFoyer,5,5,1980,1980,Gable,CompShg,MetalSd,MetalSd,BrkFace,180,TA,TA,CBlock,Gd,TA,Gd,GLQ,936,Unf,0,0,936,GasA,TA,Y,SBrkr,936,0,0,936,1,0,1,0,2,1,TA,4,Typ,0,NA,Detchd,1980,Unf,2,672,TA,TA,Y,49,0,0,0,0,0,NA,NA,NA,0,8,2007,WD,Normal,140000
66,160,FV,35,4017,Pave,Pave,IR1,Lvl,AllPub,Inside,Gtl,Somerst,Norm,Norm,TwnhsE,2Story,7,5,2006,2007,Gable,CompShg,MetalSd,MetalSd,None,0,Gd,TA,PConc,Gd,TA,No,Unf,0,Unf,0,625,625,GasA,Ex,Y,SBrkr,625,625,0,1250,0,0,2,1,2,1,Gd,5,Typ,0,NA,Detchd,2006,Fin,2,625,TA,TA,Y,0,54,0,0,0,0,NA,NA,NA,0,3,2008,WD,Normal,171900
67,30,RL,60,10800,Pave,Grvl,Reg,Lvl,AllPub,Inside,Gtl,OldTown,Norm,Norm,1Fam,1Story,5,6,1920,1950,Hip,CompShg,Stucco,Stucco,None,0,TA,TA,BrkTil,TA,TA,No,Rec,821,Unf,0,299,1120,GasA,Ex,Y,SBrkr,1130,0,0,1130,1,0,1,0,2,1,TA,5,Typ,1,Gd,Detchd,1970,Unf,2,720,TA,TA,Y,229,0,0,0,0,0,NA,NA,NA,0,6,2006,WD,Normal,120000
68,160,FV,24,2645,Pave,Pave,Reg,Lvl,AllPub,Inside,Gtl,Somerst,Norm,Norm,Twnhs,2Story,8,5,1999,2000,Gable,CompShg,MetalSd,MetalSd,BrkFace,456,Gd,TA,PConc,Gd,TA,No,Unf,0,Unf,0,776,776,GasA,Ex,Y,SBrkr,764,677,0,1441,0,0,2,1,2,1,Gd,5,Typ,0,NA,Detchd,1999,Unf,2,492,TA,TA,Y,206,0,0,0,0,0,NA,NA,NA,0,11,2007,WD,Normal,174000
69,50,RM,60,9600,Pave,Grvl,Reg,Lvl,AllPub,Inside,Gtl,OldTown,Norm,Norm,1Fam,1.5Fin,5,8,1925,1994,Gambrel,CompShg,VinylSd,VinylSd,None,0,TA,TA,PConc,TA,TA,Mn,Unf,0,Unf,0,702,702,GasA,Gd,Y,SBrkr,842,630,0,1472,0,0,1,0,3,1,Gd,6,Typ,0,NA,Detchd,1925,Unf,1,250,TA,Fa,P,0,0,84,0,0,0,NA,GdWo,NA,0,7,2007,WD,Normal,125000
70,75,RM,60,9600,Pave,Grvl,Reg,Lvl,AllPub,Inside,Gtl,OldTown,Norm,Norm,1Fam,2.5Unf,6,5,1917,1950,Gable,CompShg,AsbShng,AsbShng,None,0,TA,TA,BrkTil,Gd,TA,No,Rec,319,Unf,0,416,735,OthW,Fa,N,SBrkr,1134,924,0,2058,0,0,1,1,3,1,TA,8,Typ,1,Gd,Detchd,1950,Unf,2,396,Fa,Fa,P,0,0,259,0,0,0,NA,NA,NA,0,4,2008,WD,Normal,129500
71,70,RL,60,13515,Pave,Pave,Reg,Lvl,AllPub,Inside,Gtl,BrkSide,Norm,Norm,1Fam,2Story,6,6,1919,1950,Gambrel,CompShg,Wd Sdng,Wd Sdng,None,0,TA,TA,PConc,TA,TA,No,Unf,0,Unf,0,764,764,GasA,Ex,Y,FuseA,1060,764,0,1824,0,0,1,0,3,1,TA,8,Typ,1,Gd,Detchd,1940,Unf,2,520,TA,TA,N,0,0,126,0,0,0,NA,GdPrv,NA,0,7,2007,WD,Normal,180500
72,120,FV,47,4230,Pave,Pave,Reg,Lvl,AllPub,Corner,Gtl,Somerst,Norm,Norm,TwnhsE,1Story,7,5,2006,2007,Gable,CompShg,VinylSd,VinylSd,None,0,Gd,TA,PConc,Ex,Gd,No,Unf,0,Unf,0,1352,1352,GasA,Ex,Y,SBrkr,1352,0,0,1352,0,0,2,0,2,1,Gd,5,Typ,1,Gd,Attchd,2006,RFn,2,466,TA,TA,Y,0,241,0,0,0,0,NA,NA,NA,0,4,2007,New,Partial,208900
73,50,RM,60,10440,Pave,Grvl,Reg,Lvl,AllPub,Corner,Gtl,OldTown,Norm,Norm,1Fam,1.5Fin,6,7,1920,1950,Gable,CompShg,BrkFace,Wd Sdng,None,0,Gd,Gd,BrkTil,Gd,TA,No,LwQ,493,Unf,0,1017,1510,GasW,Ex,Y,SBrkr,1584,1208,0,2792,0,0,2,0,5,1,TA,8,Mod,2,TA,Detchd,1920,Unf,2,520,Fa,TA,Y,0,547,0,0,480,0,NA,MnPrv,Shed,1150,6,2008,WD,Normal,256000
74,30,RM,153,4118,Pave,Grvl,IR1,Bnk,AllPub,Corner,Mod,OldTown,Feedr,Norm,1Fam,1Story,4,4,1941,1950,Gable,CompShg,Wd Sdng,Wd Sdng,None,0,TA,TA,CBlock,TA,TA,No,Unf,0,Unf,0,693,693,Grav,Fa,N,FuseA,693,0,0,693,0,0,1,0,2,1,Fa,4,Typ,0,NA,NA,NA,NA,0,0,NA,NA,N,0,20,0,0,0,0,NA,NA,NA,0,3,2006,WD,Normal,52500
75,70,RM,50,5250,Pave,Pave,Reg,Lvl,AllPub,Inside,Gtl,OldTown,Norm,Norm,1Fam,2Story,8,5,1872,1987,Gable,CompShg,MetalSd,MetalSd,None,0,TA,Gd,BrkTil,TA,Fa,No,LwQ,259,Unf,0,425,684,OthW,Fa,N,SBrkr,938,1215,205,2358,0,0,2,0,4,1,TA,8,Typ,0,NA,NA,NA,NA,0,0,NA,NA,Y,0,54,20,0,0,0,NA,NA,NA,0,12,2008,WD,Normal,122000
76,160,FV,30,3180,Pave,Pave,Reg,Lvl,AllPub,Inside,Gtl,Somerst,Norm,Norm,TwnhsE,2Story,7,5,2005,2005,Gable,CompShg,MetalSd,MetalSd,None,0,Gd,TA,PConc,Gd,TA,No,Unf,0,Unf,0,600,600,GasA,Ex,Y,SBrkr,520,600,80,1200,0,0,2,1,2,1,Gd,4,Typ,0,NA,Detchd,2005,RFn,2,480,TA,TA,Y,0,166,0,0,0,0,NA,NA,NA,0,4,2006,WD,Abnorml,144152
77,50,RL,60,10998,Pave,Grvl,Reg,Lvl,AllPub,Inside,Gtl,Edwards,Norm,Norm,1Fam,1.5Fin,5,5,1941,1960,Gable,CompShg,Wd Sdng,Wd Sdng,None,0,TA,TA,CBlock,TA,TA,No,LwQ,408,BLQ,420,156,984,GasA,Ex,Y,SBrkr,984,620,0,1604,0,0,2,0,3,1,TA,6,Min2,0,NA,Detchd,1977,Unf,2,660,TA,TA,Y,0,68,0,0,0,0,NA,NA,NA,0,7,2009,WD,Normal,117000
78,30,RL,45,8212,Pave,Grvl,Reg,Lvl,AllPub,Inside,Gtl,Edwards,Norm,Norm,1Fam,1Story,3,3,1914,1950,Gable,CompShg,Stucco,Stucco,None,0,TA,Fa,BrkTil,TA,Fa,No,Rec,203,Unf,0,661,864,GasA,TA,N,FuseF,864,0,0,864,1,0,1,0,2,1,TA,5,Typ,0,NA,Detchd,1938,Unf,1,200,TA,Fa,Y,0,0,96,0,0,0,NA,NA,NA,0,6,2010,WD,Normal,58500
79,50,RM,60,8520,Pave,Grvl,Reg,Lvl,AllPub,Inside,Gtl,OldTown,Artery,Norm,1Fam,1.5Fin,6,7,1916,1950,Gable,CompShg,Stucco,Stucco,None,0,TA,Gd,BrkTil,TA,TA,No,Rec,168,LwQ,546,0,714,GasW,TA,N,SBrkr,1664,862,0,2526,0,0,2,0,5,1,Gd,10,Typ,1,Gd,Detchd,1916,Unf,1,216,TA,TA,Y,88,15,0,0,0,0,NA,GdWo,NA,0,8,2007,CWD,Family,136000
80,190,RM,60,10800,Pave,Pave,Reg,Lvl,AllPub,Inside,Gtl,OldTown,Norm,Norm,2fmCon,1.5Fin,6,7,1905,2000,Gable,CompShg,Wd Sdng,Wd Sdng,None,0,TA,TA,BrkTil,Fa,TA,No,Unf,0,Unf,0,482,482,GasA,Ex,N,SBrkr,1221,691,0,1912,0,0,2,0,3,2,TA,7,Typ,1,TA,Detchd,2003,Unf,2,672,Gd,TA,Y,0,25,212,0,0,0,NA,NA,NA,0,4,2008,WD,Normal,163000
81,50,RL,60,10410,Pave,Grvl,Reg,Lvl,AllPub,Corner,Gtl,OldTown,Artery,Norm,1Fam,1.5Fin,3,4,1915,1950,Gable,CompShg,Wd Sdng,Wd Sdng,None,0,TA,TA,PConc,TA,TA,No,Unf,0,Unf,0,672,672,GasA,TA,Y,SBrkr,694,520,0,1214,0,0,1,0,3,1,TA,6,Typ,0,NA,Detchd,1998,Unf,3,936,TA,TA,Y,216,0,160,0,0,0,NA,MnPrv,NA,0,1,2006,WD,Family,105000
82,50,RL,64,13053,Pave,Pave,Reg,Bnk,AllPub,Inside,Gtl,BrkSide,Norm,Norm,1Fam,1.5Fin,6,7,1923,2000,Gambrel,CompShg,Wd Sdng,Wd Sdng,None,0,TA,TA,BrkTil,TA,TA,No,Unf,0,Unf,0,833,833,GasA,Gd,Y,SBrkr,1053,795,0,1848,0,0,1,1,4,1,Gd,8,Typ,1,Gd,Detchd,1922,Unf,2,370,TA,TA,N,0,0,0,0,220,0,NA,NA,NA,0,6,2008,WD,Normal,207000
83,50,RL,60,10930,Pave,Grvl,Reg,Bnk,AllPub,Inside,Gtl,NAmes,Artery,Norm,1Fam,1.5Fin,5,6,1945,1950,Gable,CompShg,MetalSd,MetalSd,None,0,TA,TA,CBlock,TA,TA,No,BLQ,580,Unf,0,333,913,GasA,TA,Y,FuseA,1048,510,0,1558,1,0,1,1,3,1,TA,6,Typ,1,TA,Attchd,1962,Unf,1,288,TA,TA,Y,0,0,0,0,0,0,NA,NA,NA,0,4,2008,WD,Normal,140000
84,30,RL,60,10800,Pave,Grvl,Reg,Lvl,AllPub,Inside,Gtl,OldTown,Norm,Norm,1Fam,1Story,4,6,1927,2007,Gable,CompShg,Wd Sdng,Wd Sdng,None,0,TA,TA,BrkTil,TA,TA,No,Unf,0,Unf,0,656,656,GasA,TA,Y,SBrkr,968,0,0,968,0,0,2,0,4,1,TA,5,Typ,0,NA,Detchd,1928,Unf,1,216,Fa,Fa,Y,0,0,0,0,0,0,NA,NA,NA,0,8,2007,WD,Normal,64500
85,20,FV,62,7500,Pave,Pave,Reg,Lvl,AllPub,Inside,Gtl,Somerst,Norm,Norm,1Fam,1Story,7,5,2004,2005,Gable,CompShg,VinylSd,VinylSd,None,0,Gd,TA,PConc,Gd,TA,No,GLQ,410,Unf,0,811,1221,GasA,Ex,Y,SBrkr,1221,0,0,1221,1,0,2,0,2,1,Gd,6,Typ,0,NA,Attchd,2004,RFn,2,400,TA,TA,Y,0,113,0,0,0,0,NA,NA,NA,0,10,2009,WD,Normal,185000
